doména	pořadí AA v proteinu	ref. NK	ref. AMK	Pos
exon 2		A		272
		A		273
	28	G	A	274
		C		275
		C		276
	29	C	L	277
		T		278
		T		279
	30	C	Q	280
		A		281
		G		282
	31	C	R	283
		G		284
		G		285
	32	C	P	286
		C		287
		A		288
odsud amplikon zdravý dárce	33	G	V	289
		T		290
		A		291
	34	G	A	292
odsud počítáno viz níže		C		293
		A		294
	35	T	S	295
		C		296
		T		297
	36	G	D	298
		A		299
		C		300
	37	T	F	301
		T		302
		T		303
	38	G	E	304
		A		305
		G		306
	39	C	P	307
		C		308
		T		309
	40	C	Q	310
		A		311
		G		312
	41	G	G	313
		G		314
		T		315
	42	C	L	316
		T		317
		G		318
	43	A	S	319
		G		320
		T		321
	44	G	E	322
		A		323
		A		324
	45	G	A	325
		C		326
		C		327
	46	G	A	328
		C		329
		T		330
	47	C	R	331
		G		332
		T		333
	48	T	W	334
		G		335
		G		336
	49	A	N	337
		A		338
		C		339
	50	T	S	340
		C		341
		C		342
	51	A	K	343
		A		344
		G		345
	52	G	E	346
		A		347
		A		348
	53	A	N	349
		A		350
		C		351
	54	C	L	352
		T		353
		T		354
	55	C	L	355
		T		356
		C		357
	56	G	A	358
		C		359
		T		360
	57	G	G	361
		G		362
		A		363
	58	C	P	364
		C		365
		C		366
	59	A	*S	367
		G		368
		T		369
	60	G	E	370
		A		371
		A		372
	61	A	N	373
		A		374
		T		375
	62	G	D	376
		A		377
		C		378
	63	C	P	379
		C		380
		C		381
	64	A	N	382
		A		383
		C		384
start SH3 domény	65	C	L	385
		T		386
		T		387
	66	T	F	388
		T		389
		C		390
	67	G	V	391
		T		392
		T		393
	68	G	A	394
		C		395
		A		396
	69	C	L	397
		T		398
		G		399
	70	T	Y	400
		A		401
		T		402
	71	G	D	403
		A		404
		T		405
	72	T	F	406
		T		407
		T		408
	73	G	V	409
		T		410
		G		411
	74	G	A	412
		C		413
		C		414
	75	A	S	415
		G		416
		T		417
	76	G	G	418
		G		419
		A		420
	77	G	D	421
		A		422
		T		423
	78	A	N	424
		A		425
		C		426
	79	A	T	427
		C		428
		T		429
	80	C	L	430
		T		431
		A		432
	81	A	S	433
		G		434
		C		435
	82	A	I	436
		T		437
		A		438
	83	A	T	439
		C		440
		T		441
	84	A	K	442
		A		443
		A		444
	85	G	G	445
		G		446
		T		447
	86	G	E	448
		A		449
		A		450
	87	A	K	451
		A		452
		G		453
	88	C	L	454
		T		455
		C		456
	89	C	R	457
		G		458
		G		459
	90	G	V	460
		T		461
		C		462
	91	T	L	463
		T		464
		A		465
	92	G	G	466
		G		467
		C		468
	93	T	Y	469
		A		470
		T		471
	94	A	N	472
		A		473
		T		474
	95	C	H	475
		A		476
		C		477
	96	A	N	478
		A		479
		T		480
	97	G	G	481
		G		482
		G		483
	98	G	E	484
		A		485
		A		486
	99	T	W	487
		G		488
		G		489
	100	T	C	490
		G		491
		T		492
	101	G	E	493
		A		494
		A		495
	102	G	A	496
		C		497
		C		498
	103	C	Q	499
		A		500
		A		501
	104	A	T	502
		C		503
		C		504
	105	A	K	505
		A		506
		A		507
	106	A	N	508
		A		509
		T		510
	107	G	G	511
		G		512
		C		513
	108	C	Q	514
		A		515
		A		516
	109	G	G	517
		G		518
		C		519
	110	T	W	520
		G		521
		G		522
	111	G	V	523
		T		524
		C		525
	112	C	P	526
		C		527
		A		528
	113	A	S	529
		G		530
		C		531
	114	A	N	532
		A		533
		C		534
	115	T	Y	535
		A		536
		C		537
	116	A	I	538
		T		539
		C		540
	117	A	T	541
		C		542
		G		543
	118	C	P	544
		C		545
stop SH3 domény		A		546
	119	G	V	547
		T		548
		C		549
	120	A	N	550
		A		551
		C		552
	121	A	S	553
		G		554
		T		555
	122	C	L	556
		T		557
		G		558
start SH2 domény	123	G	E	559
		A		560
		G		561
	124	A	K	562
		A		563
		A		564
	125	C	H	565
		A		566
		C		567
	126	T	S	568
		C		569
		C		570
	127	T	W	571
		G		572
		G		573
	128	T	Y	574
		A		575
		C		576
	129	C	H	577
		A		578
		T		579
	130	G	G	580
		G		581
		G		582
	131	C	P	583
		C		584
		T		585
	132	G	V	586
		T		587
		G		588
	133	T	S	589
		C		590
		C		591
	134	C	R	592
		G		593
		C		594
	135	A	N	595
		A		596
		T		597
	136	G	A	598
		C		599
		C		600
	137	G	A	601
		C		602
		T		603
	138	G	E	604
		A		605
		G		606
	139	T	Y	607
		A		608
		T		609
	140	C	L	610
		T		611
		G		612
	141	C	L	613
		T		614
		G		615
	142	A	S	616
		G		617
		C		618
	143	A	S	619
		G		620
		C		621
	144	G	G	622
		G		623
		G		624
	145	A	I	625
		T		626
		C		627
	146	A	N	628
		A		629
		T		630
	147	G	G	631
		G		632
		C		633
	148	A	S	634
		G		635
		C		636
	149	T	F	637
		T		638
		C		639
	150	T	L	640
		T		641
		G		642
	151	G	V	643
		T		644
		G		645
	152	C	R	646
		G		647
		T		648
	153	G	E	649
		A		650
		G		651
	154	A	S	652
		G		653
		T		654
	155	G	E	655
		A		656
		G		657
	156	A	S	658
		G		659
		C		660
	157	A	S	661
		G		662
		T		663
	158	C	P	664
		C		665
		T		666
	159	G	G	667
		G		668
		C		669
	160	C	Q	670
		A		671
		G		672
	161	A	R	673
		G		674
		G		675
	162	T	S	676
		C		677
		C		678
	163	A	I	679
		T		680
		C		681
	164	T	S	682
		C		683
		G		684
	165	C	L	685
		T		686
		G		687
	166	A	R	688
		G		689
		A		690
	167	T	Y	691
		A		692
		C		693
	168	G	E	694
		A		695
		A		696
	169	G	G	697
		G		698
		G		699
	170	A	R	700
		G		701
		G		702
	171	G	V	703
		T		704
		G		705
	172	T	Y	706
		A		707
		C		708
	173	C	H	709
		A		710
		T		711
	174	T	Y	712
		A		713
		C		714
	175	A	R	715
		G		716
		G		717
	176	A	I	718
		T		719
		C		720
	177	A	N	721
		A		722
		C		723
	178	A	T	724
		C		725
		T		726
	179	G	A	727
		C		728
		T		729
	180	T	S	730
		C		731
		T		732
	181	G	D	733
		A		734
		T		735
	182	G	G	736
		G		737
		C		738
	183	A	K	739
		A		740
		G		741
	184	C	L	742
		T		743
		C		744
	185	T	Y	745
		A		746
		C		747
	186	G	V	748
		T		749
		C		750
	187	T	S	751
		C		752
		C		753
	188	T	S	754
		C		755
		C		756
	189	G	E	757
		A		758
		G		759
	190	A	S	760
		G		761
		C		762
	191	C	R	763
		G		764
		C		765
	192	T	F	766
		T		767
		C		768
	193	A	N	769
		A		770
		C		771
	194	A	T	772
		C		773
		C		774
	195	C	L	775
		T		776
		G		777
	196	G	A	778
		C		779
		C		780
	197	G	E	781
		A		782
		G		783
	198	T	L	784
		T		785
		G		786
	199	G	V	787
		T		788
		T		789
	200	C	H	790
		A		791
		T		792
	201	C	H	793
		A		794
		T		795
	202	C	H	796
		A		797
		T		798
	203	T	S	799
		C		800
		A		801
	204	A	T	802
		C		803
		G		804
	205	G	V	805
		T		806
		G		807
	206	G	A	808
		C		809
		C		810
	207	G	D	811
		A		812
		C		813
	208	G	G	814
		G		815
		G		816
	209	C	L	817
		T		818
		C		819
	210	A	I	820
		T		821
		C		822
	211	A	T	823
		C		824
		C		825
	212	A	T	826
		C		827
		G		828
	213	C	L	829
		T		830
		C		831
	214	C	H	832
		A		833
		T		834
	215	T	Y	835
		A		836
		T		837
	216	C	P	838
		C		839
stop SH2 domény		A		840
	217	G	A	841
		C		842
		C		843
	218	C	P	844
		C		845
		A		846
	219	A	K	847
		A		848
		G		849
	220	C	R	850
		G		851
		C		852
	221	A	N	853
		A		854
		C		855
	222	A	K	856
		A		857
		G		858
	223	C	P	859
		C		860
		C		861
	224	A	T	862
		C		863
		T		864
	225	G	V	865
		T		866
		C		867
	226	T	Y	868
		A		869
		T		870
	227	G	G	871
		G		872
		T		873
	228	G	V	874
		T		875
		G		876
	229	T	S	877
		C		878
		C		879
	230	C	P	880
		C		881
		C		882
	231	A	N	883
		A		884
		C		885
	232	T	Y	886
		A		887
		C		888
	233	G	D	889
		A		890
		C		891
	234	A	K	892
		A		893
		G		894
start PTKc_Abl	235	T	W	895
		G		896
		G		897
	236	G	E	898
		A		899
		G		900
	237	A	M	901
		T		902
		G		903
	238	G	E	904
		A		905
		A		906
	239	C	R	907
		G		908
		C		909
	240	A	T	910
		C		911
		G		912
	241	G	D	913
		A		914
		C		915
start Pkinase_Tyr	242	A	I	916
		T		917
		C		918
	243	A	T	919
		C		920
		C		921
	244	A	M	922
		T		923
		G		924
	245	A	K	925
		A		926
		G		927
	246	C	H	928
		A		929
		C		930
	247	A	K	931
		A		932
		G		933
	248	C	L	934
		T		935
		G		936
	249	G	G	937
		G		938
		C		939
	250	G	G	940
		G		941
		G		942
	251	G	G	943
		G		944
		C		945
	252	C	Q	946
		A		947
		G		948
	253	T	Y	949
		A		950
		C		951
	254	G	G	952
		G		953
		G		954
	255	G	E	955
		A		956
		G		957
	256	G	V	958
		T		959
		G		960
	257	T	Y	961
		A		962
		C		963
	258	G	E	964
		A		965
		G		966
	259	G	G	967
		G		968
		C		969
	260	G	V	970
		T		971
		G		972
	261	T	W	973
		G		974
		G		975
	262	A	K	976
		A		977
		G		978
	263	A	K	979
		A		980
		A		981
	264	T	Y	982
		A		983
		C		984
	265	A	S	985
		G		986
		C		987
	266	C	L	988
		T		989
		G		990
	267	A	T	991
		C		992
		G		993
	268	G	V	994
		T		995
		G		996
	269	G	A	997
		C		998
		C		999
	270	G	V	1000
		T		1001
		G		1002
	271	A	K	1003
		A		1004
		G		1005
	272	A	T	1006
		C		1007
		C		1008
	273	T	L	1009
		T		1010
		G		1011
	274	A	K	1012
		A		1013
		G		1014
	275	G	E	1015
		A		1016
		G		1017
	276	G	D	1018
		A		1019
		C		1020
	277	A	T	1021
		C		1022
		C		1023
	278	A	M	1024
		T		1025
		G		1026
	279	G	E	1027
		A		1028
		G		1029
	280	G	V	1030
		T		1031
		G		1032
	281	G	E	1033
		A		1034
		A		1035
	282	G	E	1036
		A		1037
		G		1038
	283	T	F	1039
		T		1040
		C		1041
	284	T	L	1042
		T		1043
		G		1044
	285	A	K	1045
		A		1046
		A		1047
	286	G	E	1048
		A		1049
		A		1050
	287	G	A	1051
		C		1052
		T		1053
	288	G	A	1054
		C		1055
		A		1056
	289	G	V	1057
		T		1058
		C		1059
	290	A	M	1060
		T		1061
		G		1062
	291	A	K	1063
		A		1064
		A		1065
	292	G	E	1066
		A		1067
		G		1068
	293	A	I	1069
		T		1070
		C		1071
	294	A	K	1072
		A		1073
		A		1074
	295	C	H	1075
		A		1076
		C		1077
	296	C	P	1078
		C		1079
		T		1080
	297	A	N	1081
		A		1082
		C		1083
	298	C	L	1084
		T		1085
		G		1086
	299	G	V	1087
		T		1088
		G		1089
	300	C	Q	1090
		A		1091
		G		1092
	301	C	L	1093
		T		1094
		C		1095
	302	C	L	1096
		T		1097
		T		1098
	303	G	G	1099
		G		1100
		G		1101
	304	G	V	1102
		T		1103
		C		1104
	305	T	C	1105
		G		1106
		C		1107
	306	A	T	1108
		C		1109
		C		1110
	307	C	R	1111
		G		1112
		G		1113
	308	G	E	1114
		A		1115
		G		1116
	309	C	P	1117
		C		1118
		C		1119
	310	C	P	1120
		C		1121
		G		1122
	311	T	F	1123
		T		1124
		C		1125
	312	T	Y	1126
		A		1127
		T		1128
	313	A	I	1129
		T		1130
		C		1131
	314	A	I	1132
		T		1133
		C		1134
	315	A	T	1135
		C		1136
		T		1137
	316	G	E	1138
		A		1139
		G		1140
	317	T	F	1141
		T		1142
		C		1143
	318	A	M	1144
		T		1145
		G		1146
	319	A	T	1147
		C		1148
		C		1149
	320	T	Y	1150
		A		1151
		C		1152
	321	G	G	1153
		G		1154
		G		1155
	322	A	N	1156
		A		1157
		C		1158
	323	C	L	1159
		T		1160
		C		1161
	324	C	L	1162
		T		1163
		G		1164
	325	G	D	1165
		A		1166
		C		1167
	326	T	Y	1168
		A		1169
		C		1170
	327	C	L	1171
		T		1172
		G		1173
	328	A	R	1174
		G		1175
		G		1176
	329	G	E	1177
		A		1178
		G		1179
	330	T	C	1180
		G		1181
		C		1182
	331	A	N	1183
		A		1184
		C		1185
	332	C	R	1186
		G		1187
		G		1188
	333	C	Q	1189
		A		1190
		G		1191
	334	G	E	1192
		A		1193
		G		1194
	335	G	V	1195
		T		1196
		G		1197
	336	A	N	1198
		A		1199
		C		1200
	337	G	A	1201
		C		1202
		C		1203
	338	G	V	1204
		T		1205
		G		1206
	339	G	V	1207
		T		1208
		G		1209
	340	C	L	1210
		T		1211
		G		1212
	341	C	L	1213
		T		1214
		G		1215
	342	T	Y	1216
		A		1217
		C		1218
	343	A	M	1219
		T		1220
		G		1221
	344	G	A	1222
		C		1223
		C		1224
	345	A	T	1225
		C		1226
		T		1227
	346	C	Q	1228
		A		1229
		G		1230
	347	A	I	1231
		T		1232
		C		1233
	348	T	S	1234
		C		1235
		G		1236
	349	T	S	1237
		C		1238
		A		1239
	350	G	A	1240
		C		1241
		C		1242
	351	A	M	1243
		T		1244
		G		1245
	352	G	E	1246
		A		1247
		G		1248
	353	T	Y	1249
		A		1250
		C		1251
	354	C	L	1252
		T		1253
		G		1254
	355	G	E	1255
		A		1256
		G		1257
	356	A	K	1258
		A		1259
		G		1260
	357	A	K	1261
		A		1262
		A		1263
	358	A	N	1264
		A		1265
		C		1266
	359	T	F	1267
		T		1268
		C		1269
	360	A	I	1270
		T		1271
		C		1272
	361	C	H	1273
		A		1274
		C		1275
	362	A	R	1276
		G		1277
		A		1278
	363	G	D	1279
		A		1280
		T		1281
	364	C	L	1282
		T		1283
		T		1284
	365	G	A	1285
		C		1286
		T		1287
	366	G	A	1288
		C		1289
		C		1290
	367	C	R	1291
		G		1292
		A		1293
	368	A	N	1294
		A		1295
		C		1296
	369	T	C	1297
		G		1298
		C		1299
	370	C	L	1300
		T		1301
		G		1302
	371	G	V	1303
		T		1304
		A		1305
	372	G	G	1306
		G		1307
		G		1308
	373	G	E	1309
		A		1310
		G		1311
	374	A	N	1312
		A		1313
		C		1314
	375	C	H	1315
		A		1316
		C		1317
	376	T	L	1318
		T		1319
		G		1320
	377	G	V	1321
		T		1322
		G		1323
	378	A	K	1324
		A		1325
		G		1326
	379	G	V	1327
		T		1328
		A		1329
	380	G	A	1330
		C		1331
		T		1332
	381	G	D	1333
		A		1334
		T		1335
	382	T	F	1336
		T		1337
		T		1338
	383	G	G	1339
		G		1340
		C		1341
	384	C	L	1342
		T		1343
		G		1344
	385	A	S	1345
		G		1346
		C		1347
	386	A	R	1348
		G		1349
		G		1350
	387	T	L	1351
		T		1352
		G		1353
	388	A	M	1354
		T		1355
		G		1356
	389	A	T	1357
		C		1358
		A		1359
	390	G	G	1360
		G		1361
		G		1362
	391	G	D	1363
		A		1364
		C		1365
	392	A	T	1366
		C		1367
		C		1368
	393	T	Y	1369
		A		1370
		C		1371
	394	A	T	1372
		C		1373
		A		1374
	395	G	A	1375
		C		1376
		C		1377
	396	C	H	1378
		A		1379
		T		1380
	397	G	A	1381
		C		1382
		T		1383
	398	G	G	1384
		G		1385
		A		1386
	399	G	A	1387
		C		1388
		C		1389
	400	A	K	1390
		A		1391
		G		1392
	401	T	F	1393
		T		1394
		C		1395
	402	C	P	1396
		C		1397
		C		1398
	403	A	I	1399
		T		1400
		C		1401
	404	A	K	1402
		A		1403
		A		1404
	405	T	W	1405
		G		1406
		G		1407
	406	A	T	1408
		C		1409
		T		1410
	407	G	A	1411
		C		1412
		A		1413
	408	C	P	1414
		C		1415
		C		1416
	409	G	E	1417
		A		1418
		G		1419
	410	A	S	1420
		G		1421
		C		1422
	411	C	L	1423
		T		1424
		G		1425
	412	G	A	1426
		C		1427
		C		1428
	413	T	Y	1429
		A		1430
		C		1431
	414	A	N	1432
		A		1433
		C		1434
	415	A	K	1435
		A		1436
		G		1437
	416	T	F	1438
		T		1439
		C		1440
	417	T	S	1441
		C		1442
		C		1443
	418	A	I	1444
		T		1445
		C		1446
	419	A	K	1447
		A		1448
		G		1449
	420	T	S	1450
		C		1451
		C		1452
	421	G	D	1453
		A		1454
		C		1455
	422	G	V	1456
		T		1457
		C		1458
	423	T	W	1459
		G		1460
		G		1461
	424	G	A	1462
		C		1463
		A		1464
	425	T	F	1465
		T		1466
		T		1467
	426	G	G	1468
		G		1469
		A		1470
	427	G	V	1471
		T		1472
		A		1473
	428	T	L	1474
		T		1475
		G		1476
	429	C	L	1477
		T		1478
		T		1479
	430	T	W	1480
		G		1481
		G		1482
	431	G	E	1483
		A		1484
		A		1485
	432	A	I	1486
		T		1487
		T		1488
	433	G	A	1489
		C		1490
		T		1491
	434	A	T	1492
		C		1493
		C		1494
	435	T	Y	1495
		A		1496
		T		1497
	436	G	G	1498
		G		1499
		C		1500
	437	A	M	1501
		T		1502
		G		1503
	438	T	S	1504
		C		1505
		C		1506
	439	C	P	1507
		C		1508
		T		1509
	440	T	Y	1510
		A		1511
		C		1512
	441	C	P	1513
		C		1514
		G		1515
	442	G	G	1516
		G		1517
		A		1518
	443	A	I	1519
		T		1520
		T		1521
	444	G	D	1522
		A		1523
		C		1524
	445	C	L	1525
		T		1526
		G		1527
	446	T	S	1528
		C		1529
		C		1530
	447	C	Q	1531
		A		1532
		G		1533
	448	G	V	1534
		T		1535
		G		1536
	449	T	Y	1537
		A		1538
		T		1539
	450	G	E	1540
		A		1541
		G		1542
	451	C	L	1543
		T		1544
		G		1545
	452	C	L	1546
		T		1547
		A		1548
	453	G	E	1549
		A		1550
		G		1551
	454	A	K	1552
		A		1553
		G		1554
	455	G	D	1555
		A		1556
		C		1557
	456	T	Y	1558
		A		1559
		C		1560
	457	C	R	1561
		G		1562
		C		1563
	458	A	M	1564
		T		1565
		G		1566
	459	G	E	1567
		A		1568
		G		1569
	460	C	R	1570
		G		1571
		C		1572
	461	C	P	1573
		C		1574
		A		1575
	462	G	E	1576
		A		1577
		A		1578
	463	G	G	1579
		G		1580
		C		1581
	464	T	C	1582
		G		1583
		C		1584
	465	C	P	1585
		C		1586
		A		1587
	466	G	E	1588
		A		1589
		G		1590
	467	A	K	1591
		A		1592
		G		1593
	468	G	V	1594
		T		1595
		C		1596
	469	T	Y	1597
		A		1598
		T		1599
	470	G	E	1600
		A		1601
		A		1602
	471	C	L	1603
		T		1604
		C		1605
	472	A	M	1606
		T		1607
		G		1608
	473	C	R	1609
		G		1610
		A		1611
	474	G	A	1612
		C		1613
		A		1614
	475	T	C	1615
		G		1616
		T		1617
	476	T	W	1618
		G		1619
		G		1620
	477	C	Q	1621
		A		1622
		G		1623
	478	T	W	1624
		G		1625
		G		1626
	479	A	N	1627
		A		1628
		T		1629
	480	C	P	1630
		C		1631
		C		1632
	481	T	S	1633
		C		1634
		T		1635
	482	G	D	1636
		A		1637
		C		1638
	483	C	R	1639
		G		1640
		G		1641
	484	C	P	1642
		C		1643
		C		1644
	485	T	S	1645
		C		1646
		C		1647
	486	T	F	1648
		T		1649
		T		1650
	487	G	A	1651
		C		1652
		T		1653
	488	G	E	1654
		A		1655
		A		1656
	489	A	I	1657
		T		1658
		C		1659
	490	C	H	1660
		A		1661
		C		1662
	491	C	Q	1663
		A		1664
		A		1665
	492	G	A	1666
		C		1667
;		C		1668
stop Pkinase_Tyr	493	T	F	1669
		T		1670
		T		1671
	494	G	E	1672
		A		1673
		A		1674
	495	A	T	1675
		C		1676
		A		1677
	496	A	M	1678
		T		1679
		G		1680
	497	T	F	1681
		T		1682
stop PTKc_Abl		C		1683
	498	C	Q	1684
		A		1685
		G		1686
	499	G	E	1687
		A		1688
		A		1689
	500	T	S	1690
		C		1691
		C		1692
	501	A	S	1693
		G		1694
		T		1695
	502	A	I	1696
		T		1697
		C		1698
	503	T	S	1699
		C		1700
		A		1701
	504	G	D	1702
		A		1703
		C		1704
